Model,P1,P2,P3,P4,P5,P6
M1,88.47003423000946,84.64416339396809,85.93882347183158,74.970135773373,0.11188268661499023,550
M2,85.99767437949545,83.31900858410857,76.00318014318322,74.55803200002411,0.14930057525634766,340
M3,80.02815122541345,84.7186163007755,84.43191812655633,72.83811272543721,0.05815291404724121,385
M4,81.90540410455998,79.48088919657044,70.09185739567178,85.7789864032707,0.06686687469482422,559
