Model,P1,P2,P3,P4,P5,P6,Topsis Score,Rank
M1,88.47003423000946,84.64416339396809,85.93882347183158,74.970135773373,0.1118826866149902,550,0.6509346330397531,1.0
M2,85.99767437949545,83.31900858410857,76.00318014318322,74.55803200002411,0.1493005752563476,340,0.6374549286979755,2.0
M3,80.02815122541345,84.7186163007755,84.43191812655633,72.83811272543721,0.0581529140472412,385,0.17967581986887943,4.0
M4,81.90540410455998,79.48088919657044,70.09185739567178,85.7789864032707,0.0668668746948242,559,0.37812485173840255,3.0
