Model,P1,P2,P3,P4,P5,P6,Topsis Score,Rank
M1,78.83166364703155,80.061894089758,76.4872633363538,81.30978898974257,0.1284267902374267,380,0.6746713457129873,2.0
M2,76.7682642165949,71.2243567043724,81.15365200979376,77.51214683838265,0.1234247684478759,503,0.7260031216973284,1.0
M3,83.37621991801784,87.69214201699758,78.33897776709027,84.17292975758556,0.0673737525939941,450,0.3191290054987723,3.0
M4,79.54281414280416,77.81204133102982,74.53445787352503,83.46891309645075,0.0655722618103027,432,0.19896831311882546,4.0
