Model,P1,P2,P3,P4,P5,P6
M1,78.83166364703155,80.061894089758,76.4872633363538,81.30978898974257,0.12842679023742676,380
M2,76.7682642165949,71.2243567043724,81.15365200979376,77.51214683838265,0.12342476844787598,503
M3,83.37621991801784,87.69214201699758,78.33897776709027,84.17292975758556,0.06737375259399414,450
M4,79.54281414280416,77.81204133102982,74.53445787352503,83.46891309645075,0.06557226181030273,432
