Model,P1,P2,P3,P4,P5,P6
M1,84.65890528824221,70.035162174647,78.35576597357228,80.67757469218786,0.10895967483520508,474
M2,88.16103478529757,81.9840400919047,71.22063592256994,79.82781734560544,0.11333084106445312,548
M3,80.06106468850899,77.79843656180671,79.13245383814913,81.43643419737191,0.050046443939208984,572
M4,78.34779970269327,87.36265829548077,74.60821081427288,81.30338129717097,0.06388592720031738,358
