Model,P1,P2,P3,P4,P5,P6,Topsis Score,Rank
M1,84.65890528824221,70.035162174647,78.35576597357228,80.67757469218786,0.108959674835205,474,0.7036150559599863,2.0
M2,88.16103478529757,81.9840400919047,71.22063592256994,79.82781734560544,0.1133308410644531,548,0.8608187699666305,1.0
M3,80.06106468850899,77.79843656180671,79.13245383814913,81.43643419737191,0.0500464439392089,572,0.3839274588559027,3.0
M4,78.34779970269327,87.36265829548077,74.60821081427288,81.30338129717097,0.0638859272003173,358,0.27484924652149195,4.0
